,hits@1,hits@3,hits@10,hits@50,hits@100
/award/award_category/category_of,1.0,1.0,1.0,1.0,1.0
/award/award_category/category_of_inv,1.0,1.0,1.0,1.0,1.0
/award/award_category/disciplines_or_subjects,0.7333333333333333,0.9333333333333333,0.9333333333333333,0.9333333333333333,1.0
/award/award_category/disciplines_or_subjects_inv,0.6,0.6666666666666666,0.8,1.0,1.0
/award/award_category/nominees./award/award_nomination/nominated_for,0.1258741258741259,0.24475524475524477,0.4125874125874126,0.6888111888111889,0.7972027972027972
/award/award_category/nominees./award/award_nomination/nominated_for_inv,0.32517482517482516,0.5524475524475524,0.803030303030303,0.986013986013986,0.9953379953379954
/award/award_category/winners./award/award_honor/award_winner,0.2626728110599078,0.41935483870967744,0.5668202764976958,0.7096774193548387,0.7926267281105991
/award/award_category/winners./award/award_honor/award_winner_inv,0.42857142857142855,0.5944700460829493,0.7741935483870968,0.9539170506912442,0.967741935483871
/award/award_category/winners./award/award_honor/ceremony,0.7925696594427245,0.9597523219814241,1.0,1.0,1.0
/award/award_category/winners./award/award_honor/ceremony_inv,0.7089783281733746,0.8792569659442725,0.9876160990712074,1.0,1.0
/award/award_ceremony/awards_presented./award/award_honor/award_winner,0.2113564668769716,0.36908517350157727,0.5141955835962145,0.750788643533123,0.7823343848580442
/award/award_ceremony/awards_presented./award/award_honor/award_winner_inv,0.4384858044164038,0.5962145110410094,0.7760252365930599,0.9684542586750788,0.9968454258675079
/award/award_ceremony/awards_presented./award/award_honor/honored_for,0.39669421487603307,0.6611570247933884,0.8016528925619835,0.8842975206611571,0.9173553719008265
/award/award_ceremony/awards_presented./award/award_honor/honored_for_inv,0.48760330578512395,0.7851239669421488,0.9173553719008265,0.9669421487603306,0.9917355371900827
/award/award_nominated_work/award_nominations./award/award_nomination/nominated_for,0.8125,0.8125,0.8125,1.0,1.0
/award/award_nominated_work/award_nominations./award/award_nomination/nominated_for_inv,0.8125,0.8125,0.875,1.0,1.0
/award/award_nominee/award_nominations./award/award_nomination/award,0.34957825679475163,0.5613870665417057,0.7985004686035614,0.9625117150890347,0.9925023430178069
/award/award_nominee/award_nominations./award/award_nomination/award_inv,0.17057169634489222,0.25960637300843487,0.42361761949390814,0.6757263355201499,0.7788191190253045
/award/award_nominee/award_nominations./award/award_nomination/award_nominee,0.794392523364486,0.8738317757009346,0.9439252336448598,0.9813084112149533,0.985981308411215
/award/award_nominee/award_nominations./award/award_nomination/award_nominee_inv,0.7757009345794392,0.8785046728971962,0.9439252336448598,0.9766355140186916,0.9906542056074766
/award/award_nominee/award_nominations./award/award_nomination/nominated_for,0.3560606060606061,0.4318181818181818,0.6212121212121212,0.803030303030303,0.8939393939393939
/award/award_nominee/award_nominations./award/award_nomination/nominated_for_inv,0.3333333333333333,0.44696969696969696,0.5454545454545454,0.7196969696969697,0.7954545454545454
/award/award_winner/awards_won./award/award_honor/award_winner,0.7317073170731707,0.8292682926829268,0.9024390243902439,0.975609756097561,1.0
/award/award_winner/awards_won./award/award_honor/award_winner_inv,0.7073170731707317,0.8292682926829268,0.8780487804878049,0.975609756097561,1.0
/award/award_winning_work/awards_won./award/award_honor/award,0.4830508474576271,0.711864406779661,0.864406779661017,0.9915254237288136,1.0
/award/award_winning_work/awards_won./award/award_honor/award_inv,0.17796610169491525,0.3559322033898305,0.5677966101694916,0.8050847457627118,0.847457627118644
/award/award_winning_work/awards_won./award/award_honor/award_winner,0.4583333333333333,0.625,0.6666666666666666,0.875,0.9166666666666666
/award/award_winning_work/awards_won./award/award_honor/award_winner_inv,0.5416666666666666,0.6666666666666666,0.8333333333333334,0.9583333333333334,1.0
/award/award_winning_work/awards_won./award/award_honor/honored_for,0.9,0.9,0.9,1.0,1.0
/award/award_winning_work/awards_won./award/award_honor/honored_for_inv,0.9,0.9,1.0,1.0,1.0
/award/hall_of_fame/inductees./award/hall_of_fame_induction/inductee,0.037037037037037035,0.1111111111111111,0.2222222222222222,0.4444444444444444,0.5185185185185185
/award/hall_of_fame/inductees./award/hall_of_fame_induction/inductee_inv,0.8518518518518519,0.8888888888888888,1.0,1.0,1.0
/award/ranked_item/appears_in_ranked_lists./award/ranking/list,0.9166666666666666,1.0,1.0,1.0,1.0
/award/ranked_item/appears_in_ranked_lists./award/ranking/list_inv,0.125,0.22916666666666666,0.4375,0.7291666666666666,0.7708333333333334
/base/aareas/schema/administrative_area/administrative_area_type,1.0,1.0,1.0,1.0,1.0
/base/aareas/schema/administrative_area/administrative_area_type_inv,0.3,1.0,1.0,1.0,1.0
/base/aareas/schema/administrative_area/administrative_parent,0.88,0.92,0.96,1.0,1.0
/base/aareas/schema/administrative_area/administrative_parent_inv,0.72,0.76,0.96,0.96,1.0
/base/americancomedy/celebrity_impressionist/celebrities_impersonated,0.0,0.0,0.0,0.0,0.375
/base/americancomedy/celebrity_impressionist/celebrities_impersonated_inv,0.625,0.625,1.0,1.0,1.0
/base/biblioness/bibs_location/country,1.0,1.0,1.0,1.0,1.0
/base/biblioness/bibs_location/country_inv,0.14285714285714285,0.5714285714285714,0.6428571428571429,0.9285714285714286,0.9285714285714286
/base/biblioness/bibs_location/state,1.0,1.0,1.0,1.0,1.0
/base/biblioness/bibs_location/state_inv,1.0,1.0,1.0,1.0,1.0
/base/culturalevent/event/entity_involved,0.1,0.2,0.3,0.6,0.65
/base/culturalevent/event/entity_involved_inv,0.15,0.45,0.7,0.95,1.0
/base/eating/practicer_of_diet/diet,0.7272727272727273,1.0,1.0,1.0,1.0
/base/eating/practicer_of_diet/diet_inv,0.0,0.0,0.0,0.18181818181818182,0.2727272727272727
/base/localfood/seasonal_month/produce_available./base/localfood/produce_availability/seasonal_months,1.0,1.0,1.0,1.0,1.0
/base/localfood/seasonal_month/produce_available./base/localfood/produce_availability/seasonal_months_inv,1.0,1.0,1.0,1.0,1.0
/base/locations/continents/countries_within,0.6,1.0,1.0,1.0,1.0
/base/locations/continents/countries_within_inv,1.0,1.0,1.0,1.0,1.0
/base/marchmadness/ncaa_basketball_tournament/seeds./base/marchmadness/ncaa_tournament_seed/team,0.12195121951219512,0.3902439024390244,0.975609756097561,1.0,1.0
/base/marchmadness/ncaa_basketball_tournament/seeds./base/marchmadness/ncaa_tournament_seed/team_inv,0.12195121951219512,0.5365853658536586,0.8780487804878049,1.0,1.0
/base/petbreeds/city_with_dogs/top_breeds./base/petbreeds/dog_city_relationship/dog_breed,0.9523809523809523,1.0,1.0,1.0,1.0
/base/petbreeds/city_with_dogs/top_breeds./base/petbreeds/dog_city_relationship/dog_breed_inv,0.5714285714285714,0.8095238095238095,1.0,1.0,1.0
/base/popstra/celebrity/canoodled./base/popstra/canoodled/participant,0.0,0.0,0.0,0.0,0.0
/base/popstra/celebrity/canoodled./base/popstra/canoodled/participant_inv,0.0,0.0,0.0,0.0,0.0
/base/popstra/celebrity/dated./base/popstra/dated/participant,0.0,0.0,0.0,0.2727272727272727,0.2727272727272727
/base/popstra/celebrity/dated./base/popstra/dated/participant_inv,0.0,0.0,0.0,0.2727272727272727,0.45454545454545453
/base/popstra/celebrity/friendship./base/popstra/friendship/participant,0.03125,0.0625,0.25,0.375,0.53125
/base/popstra/celebrity/friendship./base/popstra/friendship/participant_inv,0.03125,0.09375,0.1875,0.375,0.5625
/base/popstra/location/vacationers./base/popstra/vacation_choice/vacationer,0.06451612903225806,0.16129032258064516,0.3225806451612903,0.6129032258064516,0.7741935483870968
/base/popstra/location/vacationers./base/popstra/vacation_choice/vacationer_inv,0.0967741935483871,0.2903225806451613,0.4838709677419355,0.7096774193548387,0.7741935483870968
/base/saturdaynightlive/snl_cast_member/seasons./base/saturdaynightlive/snl_season_tenure/cast_members,0.6666666666666666,1.0,1.0,1.0,1.0
/base/saturdaynightlive/snl_cast_member/seasons./base/saturdaynightlive/snl_season_tenure/cast_members_inv,1.0,1.0,1.0,1.0,1.0
/base/schemastaging/organization_extra/phone_number./base/schemastaging/phone_sandbox/contact_category,0.9,1.0,1.0,1.0,1.0
/base/schemastaging/organization_extra/phone_number./base/schemastaging/phone_sandbox/contact_category_inv,0.25,0.35,0.5,0.75,0.95
/base/schemastaging/organization_extra/phone_number./base/schemastaging/phone_sandbox/service_language,0.8095238095238095,0.8095238095238095,0.9523809523809523,1.0,1.0
/base/schemastaging/organization_extra/phone_number./base/schemastaging/phone_sandbox/service_language_inv,0.7142857142857143,0.9047619047619048,0.9523809523809523,1.0,1.0
/base/schemastaging/organization_extra/phone_number./base/schemastaging/phone_sandbox/service_location,0.34210526315789475,0.6052631578947368,0.7631578947368421,0.8947368421052632,0.9210526315789473
/base/schemastaging/organization_extra/phone_number./base/schemastaging/phone_sandbox/service_location_inv,0.2894736842105263,0.42105263157894735,0.7105263157894737,0.8947368421052632,0.9210526315789473
/base/schemastaging/person_extra/net_worth./measurement_unit/dated_money_value/currency,0.9833333333333333,1.0,1.0,1.0,1.0
/base/schemastaging/person_extra/net_worth./measurement_unit/dated_money_value/currency_inv,0.0,0.016666666666666666,0.03333333333333333,0.16666666666666666,0.25
/base/x2010fifaworldcupsouthafrica/world_cup_squad/current_world_cup_squad./base/x2010fifaworldcupsouthafrica/current_world_cup_squad/current_club,0.034482758620689655,0.10344827586206896,0.20689655172413793,0.4482758620689655,0.5517241379310345
/base/x2010fifaworldcupsouthafrica/world_cup_squad/current_world_cup_squad./base/x2010fifaworldcupsouthafrica/current_world_cup_squad/current_club_inv,0.10344827586206896,0.27586206896551724,0.6206896551724138,1.0,1.0
/baseball/baseball_team/team_stats./baseball/baseball_team_stats/season,0.8518518518518519,0.9259259259259259,1.0,1.0,1.0
/baseball/baseball_team/team_stats./baseball/baseball_team_stats/season_inv,0.7777777777777778,0.9259259259259259,0.9629629629629629,1.0,1.0
/broadcast/content/artist,0.14285714285714285,0.2857142857142857,0.35714285714285715,0.5714285714285714,0.7142857142857143
/broadcast/content/artist_inv,0.8571428571428571,1.0,1.0,1.0,1.0
/business/business_operation/industry,0.43902439024390244,0.6097560975609756,0.9024390243902439,1.0,1.0
/business/business_operation/industry_inv,0.04878048780487805,0.04878048780487805,0.3170731707317073,0.6585365853658537,0.7804878048780488
/business/business_operation/revenue./measurement_unit/dated_money_value/currency,1.0,1.0,1.0,1.0,1.0
/business/business_operation/revenue./measurement_unit/dated_money_value/currency_inv,0.0,0.0,1.0,1.0,1.0
/business/job_title/people_with_this_title./business/employment_tenure/company,0.07058823529411765,0.15294117647058825,0.24705882352941178,0.6235294117647059,0.7764705882352941
/business/job_title/people_with_this_title./business/employment_tenure/company_inv,0.3058823529411765,0.6,0.9294117647058824,0.9882352941176471,0.9882352941176471
/celebrities/celebrity/celebrity_friends./celebrities/friendship/friend,0.0,0.0,0.0,1.0,1.0
/celebrities/celebrity/celebrity_friends./celebrities/friendship/friend_inv,1.0,1.0,1.0,1.0,1.0
/common/topic/webpage./common/webpage/category,1.0,1.0,1.0,1.0,1.0
/common/topic/webpage./common/webpage/category_inv,0.0024875621890547263,0.004975124378109453,0.02736318407960199,0.08955223880597014,0.1517412935323383
/dataworld/gardening_hint/split_to,0.4,0.5,0.5,0.5,0.7
/dataworld/gardening_hint/split_to_inv,0.4,0.6,0.6,0.6,0.6
/education/educational_degree/people_with_this_degree./education/education/institution,0.1289198606271777,0.20557491289198607,0.29965156794425085,0.554006968641115,0.7317073170731707
/education/educational_degree/people_with_this_degree./education/education/institution_inv,0.5331010452961672,0.7526132404181185,0.9581881533101045,1.0,1.0
/education/educational_degree/people_with_this_degree./education/education/major_field_of_study,0.19047619047619047,0.2857142857142857,0.6190476190476191,0.9523809523809523,1.0
/education/educational_degree/people_with_this_degree./education/education/major_field_of_study_inv,0.49206349206349204,0.7301587301587301,0.9682539682539683,1.0,1.0
/education/educational_degree/people_with_this_degree./education/education/student,0.037037037037037035,0.037037037037037035,0.1111111111111111,0.2962962962962963,0.5185185185185185
/education/educational_degree/people_with_this_degree./education/education/student_inv,0.5185185185185185,0.7777777777777778,1.0,1.0,1.0
/education/educational_institution/campuses,1.0,1.0,1.0,1.0,1.0
/education/educational_institution/campuses_inv,1.0,1.0,1.0,1.0,1.0
/education/educational_institution/colors,0.24444444444444444,0.5888888888888889,0.9111111111111111,1.0,1.0
/education/educational_institution/colors_inv,0.011111111111111112,0.03333333333333333,0.08888888888888889,0.36666666666666664,0.6111111111111112
/education/educational_institution/school_type,0.5875,0.8375,0.9875,1.0,1.0
/education/educational_institution/school_type_inv,0.025,0.05,0.1625,0.5125,0.7375
/education/educational_institution/students_graduates./education/education/major_field_of_study,0.1806853582554517,0.38006230529595014,0.6386292834890965,0.9376947040498442,0.9968847352024922
/education/educational_institution/students_graduates./education/education/major_field_of_study_inv,0.08411214953271028,0.14953271028037382,0.2585669781931464,0.5202492211838006,0.6822429906542056
/education/educational_institution/students_graduates./education/education/student,0.01929260450160772,0.06109324758842444,0.12861736334405144,0.2861736334405145,0.36012861736334406
/education/educational_institution/students_graduates./education/education/student_inv,0.12218649517684887,0.2797427652733119,0.42443729903536975,0.7331189710610932,0.842443729903537
/education/educational_institution_campus/educational_institution,1.0,1.0,1.0,1.0,1.0
/education/educational_institution_campus/educational_institution_inv,1.0,1.0,1.0,1.0,1.0
/education/field_of_study/students_majoring./education/education/major_field_of_study,0.5454545454545454,0.5454545454545454,0.6363636363636364,1.0,1.0
/education/field_of_study/students_majoring./education/education/major_field_of_study_inv,0.09090909090909091,0.2727272727272727,0.45454545454545453,0.9090909090909091,1.0
/education/field_of_study/students_majoring./education/education/student,0.0,0.058823529411764705,0.11764705882352941,0.38235294117647056,0.5
/education/field_of_study/students_majoring./education/education/student_inv,0.20588235294117646,0.3235294117647059,0.7058823529411765,0.9117647058823529,0.9705882352941176
/education/university/domestic_tuition./measurement_unit/dated_money_value/currency,1.0,1.0,1.0,1.0,1.0
/education/university/domestic_tuition./measurement_unit/dated_money_value/currency_inv,0.0,0.0,0.4,1.0,1.0
/education/university/fraternities_and_sororities,0.7619047619047619,1.0,1.0,1.0,1.0
/education/university/fraternities_and_sororities_inv,0.0,0.14285714285714285,0.2857142857142857,0.5238095238095238,0.6190476190476191
/education/university/local_tuition./measurement_unit/dated_money_value/currency,1.0,1.0,1.0,1.0,1.0
/education/university/local_tuition./measurement_unit/dated_money_value/currency_inv,0.0,0.0,0.0,0.0,1.0
/film/actor/dubbing_performances./film/dubbing_performance/language,1.0,1.0,1.0,1.0,1.0
/film/actor/dubbing_performances./film/dubbing_performance/language_inv,0.0,0.25,0.25,0.3333333333333333,0.3333333333333333
/film/actor/film./film/performance/film,0.09210526315789473,0.13277511961722488,0.18181818181818182,0.3253588516746411,0.41626794258373206
/film/actor/film./film/performance/film_inv,0.06578947368421052,0.10645933014354067,0.18421052631578946,0.30023923444976075,0.38995215311004783
/film/actor/film./film/performance/special_performance_type,0.9375,1.0,1.0,1.0,1.0
/film/actor/film./film/performance/special_performance_type_inv,0.0,0.0625,0.0625,0.0625,0.1875
/film/director/film,0.3157894736842105,0.3684210526315789,0.42105263157894735,0.7894736842105263,0.7894736842105263
/film/director/film_inv,0.42105263157894735,0.42105263157894735,0.6842105263157895,0.7894736842105263,0.8947368421052632
/film/film/cinematography,0.5294117647058824,0.5882352941176471,0.7058823529411765,1.0,1.0
/film/film/cinematography_inv,0.23529411764705882,0.23529411764705882,0.35294117647058826,0.5882352941176471,0.6470588235294118
/film/film/costume_design_by,0.6153846153846154,0.7692307692307693,0.9230769230769231,0.9230769230769231,0.9230769230769231
/film/film/costume_design_by_inv,0.0,0.3076923076923077,0.38461538461538464,0.8461538461538461,0.8461538461538461
/film/film/country,0.6793893129770993,0.816793893129771,0.9236641221374046,0.9923664122137404,0.9923664122137404
/film/film/country_inv,0.11450381679389313,0.16030534351145037,0.25190839694656486,0.5343511450381679,0.6412213740458015
/film/film/distributors./film/film_film_distributor_relationship/film_distribution_medium,0.7368421052631579,1.0,1.0,1.0,1.0
/film/film/distributors./film/film_film_distributor_relationship/film_distribution_medium_inv,0.2894736842105263,0.631578947368421,0.7105263157894737,0.8947368421052632,0.9473684210526315
/film/film/distributors./film/film_film_distributor_relationship/region,1.0,1.0,1.0,1.0,1.0
/film/film/distributors./film/film_film_distributor_relationship/region_inv,0.8,1.0,1.0,1.0,1.0
/film/film/dubbing_performances./film/dubbing_performance/actor,0.125,0.375,0.375,0.75,0.875
/film/film/dubbing_performances./film/dubbing_performance/actor_inv,0.25,0.375,0.75,1.0,1.0
/film/film/edited_by,0.46153846153846156,0.7692307692307693,0.9230769230769231,0.9230769230769231,1.0
/film/film/edited_by_inv,0.0,0.23076923076923078,0.38461538461538464,0.6153846153846154,0.7692307692307693
/film/film/estimated_budget./measurement_unit/dated_money_value/currency,0.9668874172185431,0.9933774834437086,1.0,1.0,1.0
/film/film/estimated_budget./measurement_unit/dated_money_value/currency_inv,0.052980132450331126,0.11258278145695365,0.19205298013245034,0.4966887417218543,0.695364238410596
/film/film/executive_produced_by,0.4520547945205479,0.6164383561643836,0.7397260273972602,0.8356164383561644,0.8904109589041096
/film/film/executive_produced_by_inv,0.273972602739726,0.3835616438356164,0.5342465753424658,0.6986301369863014,0.7397260273972602
/film/film/featured_film_locations,0.23,0.38,0.53,0.74,0.82
/film/film/featured_film_locations_inv,0.05,0.09,0.17,0.34,0.44
/film/film/film_art_direction_by,1.0,1.0,1.0,1.0,1.0
/film/film/film_art_direction_by_inv,0.6666666666666666,0.6666666666666666,1.0,1.0,1.0
/film/film/film_festivals,0.5,0.7777777777777778,0.8888888888888888,1.0,1.0
/film/film/film_festivals_inv,0.05555555555555555,0.16666666666666666,0.3333333333333333,0.5,0.7222222222222222
/film/film/film_format,0.7692307692307693,1.0,1.0,1.0,1.0
/film/film/film_format_inv,0.02564102564102564,0.02564102564102564,0.1282051282051282,0.3333333333333333,0.4358974358974359
/film/film/film_production_design_by,0.4,0.5,0.7,0.9,0.9
/film/film/film_production_design_by_inv,0.1,0.2,0.3,0.6,0.6
/film/film/genre,0.3878116343490305,0.631578947368421,0.8462603878116344,0.9847645429362881,0.9986149584487535
/film/film/genre_inv,0.05955678670360111,0.12188365650969529,0.2409972299168975,0.4584487534626039,0.5789473684210527
/film/film/language,0.6878980891719745,0.8121019108280255,0.9076433121019108,0.9936305732484076,0.9936305732484076
/film/film/language_inv,0.041401273885350316,0.37579617834394907,0.5191082802547771,0.7070063694267515,0.7388535031847133
/film/film/music,0.22826086956521738,0.3695652173913043,0.5217391304347826,0.8586956521739131,0.9239130434782609
/film/film/music_inv,0.13043478260869565,0.20652173913043478,0.34782608695652173,0.5108695652173914,0.5760869565217391
/film/film/other_crew./film/film_crew_gig/crewmember,0.15384615384615385,0.4230769230769231,0.6923076923076923,0.9230769230769231,0.9230769230769231
/film/film/other_crew./film/film_crew_gig/crewmember_inv,0.07692307692307693,0.11538461538461539,0.23076923076923078,0.34615384615384615,0.4230769230769231
/film/film/other_crew./film/film_crew_gig/film_crew_role,0.5627062706270627,0.8184818481848185,0.966996699669967,1.0,1.0
/film/film/other_crew./film/film_crew_gig/film_crew_role_inv,0.019801980198019802,0.0429042904290429,0.13366336633663367,0.43234323432343236,0.6006600660066007
/film/film/personal_appearances./film/personal_film_appearance/person,0.09090909090909091,0.2727272727272727,0.45454545454545453,0.5454545454545454,0.5454545454545454
/film/film/personal_appearances./film/personal_film_appearance/person_inv,0.2727272727272727,0.2727272727272727,0.36363636363636365,0.7272727272727273,0.8181818181818182
/film/film/prequel,0.5,0.7777777777777778,0.9444444444444444,1.0,1.0
/film/film/prequel_inv,0.6666666666666666,0.8333333333333334,1.0,1.0,1.0
/film/film/produced_by,0.48333333333333334,0.5833333333333334,0.7,0.8166666666666667,0.85
/film/film/produced_by_inv,0.23333333333333334,0.43333333333333335,0.5666666666666667,0.65,0.6833333333333333
/film/film/production_companies,0.47619047619047616,0.6547619047619048,0.8452380952380952,0.9761904761904762,0.9880952380952381
/film/film/production_companies_inv,0.19047619047619047,0.34523809523809523,0.5119047619047619,0.7023809523809523,0.7261904761904762
/film/film/release_date_s./film/film_regional_release_date/film_regional_debut_venue,0.35,0.55,0.8,0.95,0.95
/film/film/release_date_s./film/film_regional_release_date/film_regional_debut_venue_inv,0.05,0.25,0.35,0.45,0.7
/film/film/release_date_s./film/film_regional_release_date/film_release_distribution_medium,0.9810126582278481,1.0,1.0,1.0,1.0
/film/film/release_date_s./film/film_regional_release_date/film_release_distribution_medium_inv,0.04430379746835443,0.0949367088607595,0.14556962025316456,0.4177215189873418,0.6392405063291139
/film/film/release_date_s./film/film_regional_release_date/film_release_region,0.4105044920525225,0.6392536281962682,0.8541810642709053,0.9944713199723566,0.9993089149965446
/film/film/release_date_s./film/film_regional_release_date/film_release_region_inv,0.15480304077401522,0.2985487214927436,0.4968901174844506,0.824464409122322,0.9302004146510021
/film/film/runtime./film/film_cut/film_release_region,0.0,0.2222222222222222,0.7777777777777778,1.0,1.0
/film/film/runtime./film/film_cut/film_release_region_inv,0.0,0.0,0.0,0.3333333333333333,0.4444444444444444
/film/film/story_by,0.4838709677419355,0.5806451612903226,0.6451612903225806,0.9032258064516129,0.9032258064516129
/film/film/story_by_inv,0.16129032258064516,0.2903225806451613,0.4838709677419355,0.6774193548387096,0.8064516129032258
/film/film/written_by,0.11538461538461539,0.2692307692307692,0.46153846153846156,0.5384615384615384,0.6153846153846154
/film/film/written_by_inv,0.15384615384615385,0.23076923076923078,0.3076923076923077,0.46153846153846156,0.5384615384615384
/film/film_distributor/films_distributed./film/film_film_distributor_relationship/film,0.1625,0.23125,0.325,0.4875,0.59375
/film/film_distributor/films_distributed./film/film_film_distributor_relationship/film_inv,0.31875,0.5125,0.7875,0.9875,0.99375
/film/film_set_designer/film_sets_designed,0.0,0.0,0.25,0.625,0.75
/film/film_set_designer/film_sets_designed_inv,0.125,0.625,0.875,1.0,1.0
/film/film_subject/films,0.07792207792207792,0.1038961038961039,0.19480519480519481,0.3246753246753247,0.42857142857142855
/film/film_subject/films_inv,0.2077922077922078,0.4025974025974026,0.5974025974025974,0.7922077922077922,0.8311688311688312
/film/person_or_entity_appearing_in_film/films./film/personal_film_appearance/type_of_appearance,1.0,1.0,1.0,1.0,1.0
/film/person_or_entity_appearing_in_film/films./film/personal_film_appearance/type_of_appearance_inv,0.3333333333333333,0.3333333333333333,0.3333333333333333,0.3333333333333333,0.3333333333333333
/film/special_film_performance_type/film_performance_type./film/performance/film,0.0,0.18181818181818182,0.18181818181818182,0.2727272727272727,0.5454545454545454
/film/special_film_performance_type/film_performance_type./film/performance/film_inv,0.6363636363636364,1.0,1.0,1.0,1.0
/food/food/nutrients./food/nutrition_fact/nutrient,0.47619047619047616,0.8666666666666667,0.9714285714285714,1.0,1.0
/food/food/nutrients./food/nutrition_fact/nutrient_inv,0.7428571428571429,0.9142857142857143,0.9904761904761905,1.0,1.0
/government/government_office_category/officeholders./government/government_position_held/jurisdiction_of_office,0.07692307692307693,0.2967032967032967,0.46153846153846156,0.7362637362637363,0.8351648351648352
/government/government_office_category/officeholders./government/government_position_held/jurisdiction_of_office_inv,0.6703296703296703,0.8351648351648352,0.989010989010989,1.0,1.0
/government/governmental_body/members./government/government_position_held/legislative_sessions,1.0,1.0,1.0,1.0,1.0
/government/governmental_body/members./government/government_position_held/legislative_sessions_inv,1.0,1.0,1.0,1.0,1.0
/government/legislative_session/members./government/government_position_held/district_represented,0.905982905982906,0.9829059829059829,1.0,1.0,1.0
/government/legislative_session/members./government/government_position_held/district_represented_inv,0.8547008547008547,0.9743589743589743,0.9914529914529915,1.0,1.0
/government/legislative_session/members./government/government_position_held/legislative_sessions,0.9230769230769231,1.0,1.0,1.0,1.0
/government/legislative_session/members./government/government_position_held/legislative_sessions_inv,1.0,1.0,1.0,1.0,1.0
/government/political_party/politicians_in_this_party./government/political_party_tenure/politician,0.2727272727272727,0.2727272727272727,0.36363636363636365,0.45454545454545453,0.5454545454545454
/government/political_party/politicians_in_this_party./government/political_party_tenure/politician_inv,0.36363636363636365,0.7272727272727273,0.9090909090909091,0.9090909090909091,0.9090909090909091
/government/politician/government_positions_held./government/government_position_held/basic_title,0.5625,0.75,0.9375,1.0,1.0
/government/politician/government_positions_held./government/government_position_held/basic_title_inv,0.0,0.125,0.6875,0.9375,1.0
/government/politician/government_positions_held./government/government_position_held/jurisdiction_of_office,0.2222222222222222,0.5555555555555556,0.6666666666666666,0.8888888888888888,0.8888888888888888
/government/politician/government_positions_held./government/government_position_held/jurisdiction_of_office_inv,0.1111111111111111,0.4444444444444444,0.4444444444444444,0.7777777777777778,0.7777777777777778
/government/politician/government_positions_held./government/government_position_held/legislative_sessions,0.5,0.9,0.9666666666666667,1.0,1.0
/government/politician/government_positions_held./government/government_position_held/legislative_sessions_inv,0.7,0.8666666666666667,1.0,1.0,1.0
/ice_hockey/hockey_team/current_roster./sports/sports_team_roster/position,0.5,1.0,1.0,1.0,1.0
/ice_hockey/hockey_team/current_roster./sports/sports_team_roster/position_inv,0.5,1.0,1.0,1.0,1.0
/influence/influence_node/influenced_by,0.1148936170212766,0.251063829787234,0.425531914893617,0.7574468085106383,0.8680851063829788
/influence/influence_node/influenced_by_inv,0.08085106382978724,0.15319148936170213,0.3702127659574468,0.7404255319148936,0.8765957446808511
/influence/influence_node/peers./influence/peer_relationship/peers,0.0,0.0,0.5,1.0,1.0
/influence/influence_node/peers./influence/peer_relationship/peers_inv,0.0,0.0,0.0,1.0,1.0
/language/human_language/countries_spoken_in,0.28,0.4,0.6,0.76,0.92
/language/human_language/countries_spoken_in_inv,0.16,0.6,0.84,1.0,1.0
/location/administrative_division/country,0.6666666666666666,0.6666666666666666,0.6666666666666666,1.0,1.0
/location/administrative_division/country_inv,0.0,0.3333333333333333,0.6666666666666666,1.0,1.0
/location/country/capital,0.2727272727272727,0.45454545454545453,0.45454545454545453,0.7272727272727273,0.8181818181818182
/location/country/capital_inv,0.2727272727272727,0.45454545454545453,0.7272727272727273,0.8181818181818182,1.0
/location/country/form_of_government,0.6046511627906976,0.9767441860465116,1.0,1.0,1.0
/location/country/form_of_government_inv,0.0,0.046511627906976744,0.20930232558139536,0.7441860465116279,0.9302325581395349
/location/country/official_language,0.4375,0.75,0.9375,1.0,1.0
/location/country/official_language_inv,0.0625,0.3125,0.5625,0.9375,1.0
/location/country/second_level_divisions,0.5869565217391305,0.9130434782608695,0.9347826086956522,0.9565217391304348,1.0
/location/country/second_level_divisions_inv,0.9782608695652174,0.9782608695652174,1.0,1.0,1.0
/location/hud_county_place/county,0.2857142857142857,0.42857142857142855,0.5714285714285714,1.0,1.0
/location/hud_county_place/county_inv,0.14285714285714285,0.5714285714285714,1.0,1.0,1.0
/location/hud_county_place/place,1.0,1.0,1.0,1.0,1.0
/location/hud_county_place/place_inv,1.0,1.0,1.0,1.0,1.0
/location/hud_foreclosure_area/estimated_number_of_mortgages./measurement_unit/dated_integer/source,1.0,1.0,1.0,1.0,1.0
/location/hud_foreclosure_area/estimated_number_of_mortgages./measurement_unit/dated_integer/source_inv,0.7619047619047619,0.8333333333333334,0.8690476190476191,1.0,1.0
/location/location/adjoin_s./location/adjoining_relationship/adjoins,0.2909090909090909,0.6727272727272727,0.9090909090909091,1.0,1.0
/location/location/adjoin_s./location/adjoining_relationship/adjoins_inv,0.36363636363636365,0.7454545454545455,0.9636363636363636,1.0,1.0
/location/location/contains,0.24242424242424243,0.42727272727272725,0.6272727272727273,0.8454545454545455,0.9242424242424242
/location/location/contains_inv,0.6909090909090909,0.8272727272727273,0.896969696969697,0.9636363636363636,0.9787878787878788
/location/location/partially_contains,0.38461538461538464,0.6923076923076923,0.7692307692307693,1.0,1.0
/location/location/partially_contains_inv,0.07692307692307693,0.46153846153846156,0.7692307692307693,1.0,1.0
/location/location/time_zones,0.9197080291970803,0.9854014598540146,1.0,1.0,1.0
/location/location/time_zones_inv,0.0948905109489051,0.1386861313868613,0.3722627737226277,0.7445255474452555,0.8686131386861314
/location/statistical_region/gdp_nominal./measurement_unit/dated_money_value/currency,1.0,1.0,1.0,1.0,1.0
/location/statistical_region/gdp_nominal./measurement_unit/dated_money_value/currency_inv,1.0,1.0,1.0,1.0,1.0
/location/statistical_region/gdp_nominal_per_capita./measurement_unit/dated_money_value/currency,1.0,1.0,1.0,1.0,1.0
/location/statistical_region/gdp_nominal_per_capita./measurement_unit/dated_money_value/currency_inv,0.0,0.3333333333333333,1.0,1.0,1.0
/location/statistical_region/places_exported_to./location/imports_and_exports/exported_to,0.07692307692307693,0.15384615384615385,0.6923076923076923,0.8461538461538461,1.0
/location/statistical_region/places_exported_to./location/imports_and_exports/exported_to_inv,0.15384615384615385,0.23076923076923078,0.6153846153846154,0.8461538461538461,0.9230769230769231
/location/statistical_region/religions./location/religion_percentage/religion,0.7,0.8,0.9333333333333333,1.0,1.0
/location/statistical_region/religions./location/religion_percentage/religion_inv,0.3,0.5666666666666667,0.7166666666666667,0.9333333333333333,0.9666666666666667
/location/statistical_region/rent50_2./measurement_unit/dated_money_value/currency,1.0,1.0,1.0,1.0,1.0
/location/statistical_region/rent50_2./measurement_unit/dated_money_value/currency_inv,0.0,0.021739130434782608,0.717391304347826,0.8913043478260869,0.9782608695652174
/location/us_county/county_seat,0.0,1.0,1.0,1.0,1.0
/location/us_county/county_seat_inv,0.5,0.5,0.5,1.0,1.0
/media_common/netflix_genre/titles,0.056451612903225805,0.13709677419354838,0.33064516129032256,0.6048387096774194,0.6854838709677419
/media_common/netflix_genre/titles_inv,0.6209677419354839,0.7903225806451613,0.9032258064516129,0.9838709677419355,0.9919354838709677
/medicine/disease/notable_people_with_this_condition,0.0,0.06666666666666667,0.06666666666666667,0.13333333333333333,0.26666666666666666
/medicine/disease/notable_people_with_this_condition_inv,0.4,0.5333333333333333,0.9333333333333333,0.9333333333333333,1.0
/medicine/disease/risk_factors,0.07692307692307693,0.38461538461538464,0.6153846153846154,0.9230769230769231,1.0
/medicine/disease/risk_factors_inv,0.07692307692307693,0.15384615384615385,0.38461538461538464,1.0,1.0
/medicine/symptom/symptom_of,0.0,0.12903225806451613,0.45161290322580644,1.0,1.0
/medicine/symptom/symptom_of_inv,0.25806451612903225,0.6774193548387096,0.967741935483871,1.0,1.0
/military/military_combatant/military_conflicts./military/military_combatant_group/combatants,0.5882352941176471,0.8823529411764706,0.9411764705882353,1.0,1.0
/military/military_combatant/military_conflicts./military/military_combatant_group/combatants_inv,0.7647058823529411,0.9411764705882353,1.0,1.0,1.0
/military/military_conflict/combatants./military/military_combatant_group/combatants,0.20588235294117646,0.4411764705882353,0.7058823529411765,0.8235294117647058,0.9411764705882353
/military/military_conflict/combatants./military/military_combatant_group/combatants_inv,0.4117647058823529,0.6176470588235294,0.8235294117647058,0.9705882352941176,1.0
/music/artist/contribution./music/recording_contribution/performance_role,0.2857142857142857,0.42857142857142855,0.9285714285714286,1.0,1.0
/music/artist/contribution./music/recording_contribution/performance_role_inv,0.14285714285714285,0.2857142857142857,0.35714285714285715,0.5714285714285714,0.5714285714285714
/music/artist/origin,0.17647058823529413,0.38235294117647056,0.5,0.7058823529411765,0.7352941176470589
/music/artist/origin_inv,0.029411764705882353,0.029411764705882353,0.058823529411764705,0.3235294117647059,0.47058823529411764
/music/artist/track_contributions./music/track_contribution/role,0.25,0.4407894736842105,0.6973684210526315,0.9144736842105263,1.0
/music/artist/track_contributions./music/track_contribution/role_inv,0.08552631578947369,0.14473684210526316,0.3026315789473684,0.5921052631578947,0.75
/music/genre/artists,0.10692771084337349,0.18825301204819278,0.34789156626506024,0.6325301204819277,0.7740963855421686
/music/genre/artists_inv,0.338855421686747,0.536144578313253,0.7123493975903614,0.9246987951807228,0.9789156626506024
/music/genre/parent_genre,0.24742268041237114,0.44329896907216493,0.7216494845360825,0.9072164948453608,0.9690721649484536
/music/genre/parent_genre_inv,0.09278350515463918,0.2268041237113402,0.4948453608247423,0.8144329896907216,0.8969072164948454
/music/group_member/membership./music/group_membership/group,0.6818181818181818,0.7727272727272727,0.8181818181818182,0.9545454545454546,1.0
/music/group_member/membership./music/group_membership/group_inv,0.5454545454545454,0.6363636363636364,0.6818181818181818,0.8181818181818182,0.9090909090909091
/music/group_member/membership./music/group_membership/role,0.27586206896551724,0.5172413793103449,0.896551724137931,1.0,1.0
/music/group_member/membership./music/group_membership/role_inv,0.10344827586206896,0.20689655172413793,0.41379310344827586,0.6551724137931034,0.6896551724137931
/music/instrument/family,0.0,0.3333333333333333,0.8333333333333334,1.0,1.0
/music/instrument/family_inv,0.16666666666666666,0.16666666666666666,0.6666666666666666,1.0,1.0
/music/instrument/instrumentalists,0.0915032679738562,0.1568627450980392,0.23529411764705882,0.5098039215686274,0.6405228758169934
/music/instrument/instrumentalists_inv,0.39215686274509803,0.5751633986928104,0.8169934640522876,0.9673202614379085,0.9934640522875817
/music/performance_role/guest_performances./music/recording_contribution/performance_role,0.0,0.5,1.0,1.0,1.0
/music/performance_role/guest_performances./music/recording_contribution/performance_role_inv,0.0,1.0,1.0,1.0,1.0
/music/performance_role/regular_performances./music/group_membership/group,0.1437125748502994,0.31736526946107785,0.5029940119760479,0.8922155688622755,0.9640718562874252
/music/performance_role/regular_performances./music/group_membership/group_inv,0.47904191616766467,0.7065868263473054,0.8682634730538922,0.9700598802395209,1.0
/music/performance_role/regular_performances./music/group_membership/role,0.35,0.55,0.825,0.975,1.0
/music/performance_role/regular_performances./music/group_membership/role_inv,0.35,0.6,0.8,0.975,0.975
/music/performance_role/track_performances./music/track_contribution/role,0.41509433962264153,0.6037735849056604,0.8301886792452831,1.0,1.0
/music/performance_role/track_performances./music/track_contribution/role_inv,0.2830188679245283,0.6415094339622641,0.8490566037735849,0.9622641509433962,1.0
/music/record_label/artist,0.04887218045112782,0.09774436090225563,0.15037593984962405,0.2932330827067669,0.45864661654135336
/music/record_label/artist_inv,0.13157894736842105,0.2857142857142857,0.575187969924812,0.8872180451127819,0.9511278195488722
/olympics/olympic_games/medals_awarded./olympics/olympic_medal_honor/medal,1.0,1.0,1.0,1.0,1.0
/olympics/olympic_games/medals_awarded./olympics/olympic_medal_honor/medal_inv,1.0,1.0,1.0,1.0,1.0
/olympics/olympic_games/participating_countries,0.17391304347826086,0.30434782608695654,0.4782608695652174,0.8695652173913043,0.9130434782608695
/olympics/olympic_games/participating_countries_inv,0.4782608695652174,0.9565217391304348,1.0,1.0,1.0
/olympics/olympic_games/sports,0.8461538461538461,1.0,1.0,1.0,1.0
/olympics/olympic_games/sports_inv,0.8461538461538461,1.0,1.0,1.0,1.0
/olympics/olympic_participating_country/athletes./olympics/olympic_athlete_affiliation/olympics,0.6774193548387096,0.7741935483870968,0.9354838709677419,1.0,1.0
/olympics/olympic_participating_country/athletes./olympics/olympic_athlete_affiliation/olympics_inv,0.5161290322580645,0.6129032258064516,0.7419354838709677,0.967741935483871,1.0
/olympics/olympic_participating_country/medals_won./olympics/olympic_medal_honor/medal,0.8421052631578947,1.0,1.0,1.0,1.0
/olympics/olympic_participating_country/medals_won./olympics/olympic_medal_honor/medal_inv,0.47368421052631576,0.6842105263157895,0.868421052631579,1.0,1.0
/olympics/olympic_participating_country/medals_won./olympics/olympic_medal_honor/olympics,0.3968253968253968,0.6825396825396826,0.9523809523809523,1.0,1.0
/olympics/olympic_participating_country/medals_won./olympics/olympic_medal_honor/olympics_inv,0.2857142857142857,0.42857142857142855,0.7619047619047619,0.9682539682539683,1.0
/olympics/olympic_sport/athletes./olympics/olympic_athlete_affiliation/country,0.2131782945736434,0.35271317829457366,0.5813953488372093,0.9224806201550387,0.9961240310077519
/olympics/olympic_sport/athletes./olympics/olympic_athlete_affiliation/country_inv,0.36046511627906974,0.5813953488372093,0.8914728682170543,1.0,1.0
/olympics/olympic_sport/athletes./olympics/olympic_athlete_affiliation/olympics,1.0,1.0,1.0,1.0,1.0
/olympics/olympic_sport/athletes./olympics/olympic_athlete_affiliation/olympics_inv,0.875,0.875,1.0,1.0,1.0
/organization/endowed_organization/endowment./measurement_unit/dated_money_value/currency,0.6666666666666666,1.0,1.0,1.0,1.0
/organization/endowed_organization/endowment./measurement_unit/dated_money_value/currency_inv,0.0,0.0,0.6666666666666666,1.0,1.0
/organization/non_profit_organization/registered_with./organization/non_profit_registration/registering_agency,1.0,1.0,1.0,1.0,1.0
/organization/non_profit_organization/registered_with./organization/non_profit_registration/registering_agency_inv,0.7727272727272727,0.7727272727272727,0.9545454545454546,0.9545454545454546,0.9545454545454546
/organization/organization/child./organization/organization_relationship/child,0.05,0.25,0.5,0.8,0.8
/organization/organization/child./organization/organization_relationship/child_inv,0.25,0.3,0.5,0.7,0.75
/organization/organization/headquarters./location/mailing_address/citytown,0.38181818181818183,0.509090909090909,0.6363636363636364,0.8363636363636363,0.8727272727272727
/organization/organization/headquarters./location/mailing_address/citytown_inv,0.2,0.2909090909090909,0.36363636363636365,0.6363636363636364,0.7636363636363637
/organization/organization/headquarters./location/mailing_address/country,0.8571428571428571,0.8571428571428571,0.8571428571428571,1.0,1.0
/organization/organization/headquarters./location/mailing_address/country_inv,0.14285714285714285,0.2857142857142857,0.42857142857142855,0.42857142857142855,0.42857142857142855
/organization/organization/headquarters./location/mailing_address/state_province_region,0.6923076923076923,0.7948717948717948,0.8717948717948718,0.9743589743589743,1.0
/organization/organization/headquarters./location/mailing_address/state_province_region_inv,0.3333333333333333,0.46153846153846156,0.5641025641025641,0.7692307692307693,0.8974358974358975
/organization/organization/place_founded,0.1875,0.1875,0.375,0.6875,0.875
/organization/organization/place_founded_inv,0.1875,0.1875,0.3125,0.4375,0.4375
/organization/organization_founder/organizations_founded,0.2222222222222222,0.3333333333333333,0.4444444444444444,0.4444444444444444,0.4444444444444444
/organization/organization_founder/organizations_founded_inv,0.2222222222222222,0.3333333333333333,0.4444444444444444,0.7777777777777778,0.7777777777777778
/organization/organization_member/member_of./organization/organization_membership/organization,0.8645833333333334,0.9479166666666666,1.0,1.0,1.0
/organization/organization_member/member_of./organization/organization_membership/organization_inv,0.2708333333333333,0.5104166666666666,0.7916666666666666,0.9375,0.9375
/organization/role/leaders./organization/leadership/organization,0.05714285714285714,0.35714285714285715,0.5857142857142857,0.8428571428571429,0.8571428571428571
/organization/role/leaders./organization/leadership/organization_inv,0.8285714285714286,0.9571428571428572,1.0,1.0,1.0
/people/cause_of_death/people,0.010638297872340425,0.010638297872340425,0.010638297872340425,0.10638297872340426,0.19148936170212766
/people/cause_of_death/people_inv,0.11702127659574468,0.2978723404255319,0.5212765957446809,0.9148936170212766,0.9787234042553191
/people/deceased_person/place_of_burial,0.1111111111111111,0.5555555555555556,1.0,1.0,1.0
/people/deceased_person/place_of_burial_inv,0.0,0.0,0.0,0.0,0.1111111111111111
/people/deceased_person/place_of_death,0.24358974358974358,0.47435897435897434,0.6025641025641025,0.7692307692307693,0.8205128205128205
/people/deceased_person/place_of_death_inv,0.02564102564102564,0.11538461538461539,0.1794871794871795,0.3333333333333333,0.4230769230769231
/people/ethnicity/geographic_distribution,0.4117647058823529,0.5294117647058824,0.7058823529411765,0.8235294117647058,0.8823529411764706
/people/ethnicity/geographic_distribution_inv,0.47058823529411764,0.7058823529411765,0.7647058823529411,0.8823529411764706,1.0
/people/ethnicity/languages_spoken,0.27586206896551724,0.6206896551724138,0.7586206896551724,0.9655172413793104,1.0
/people/ethnicity/languages_spoken_inv,0.27586206896551724,0.4827586206896552,0.8275862068965517,0.9655172413793104,1.0
/people/ethnicity/people,0.02390438247011952,0.06772908366533864,0.1553784860557769,0.32270916334661354,0.4541832669322709
/people/ethnicity/people_inv,0.43824701195219123,0.6533864541832669,0.8764940239043825,0.9960159362549801,0.9960159362549801
/people/marriage_union_type/unions_of_this_type./people/marriage/location_of_ceremony,0.09433962264150944,0.18867924528301888,0.24528301886792453,0.33962264150943394,0.39622641509433965
/people/marriage_union_type/unions_of_this_type./people/marriage/location_of_ceremony_inv,1.0,1.0,1.0,1.0,1.0
/people/person/employment_history./business/employment_tenure/company,0.125,0.125,0.3333333333333333,0.7083333333333334,0.75
/people/person/employment_history./business/employment_tenure/company_inv,0.08333333333333333,0.125,0.2916666666666667,0.5833333333333334,0.6666666666666666
/people/person/gender,0.8440366972477065,1.0,1.0,1.0,1.0
/people/person/gender_inv,0.06422018348623854,0.10550458715596331,0.2706422018348624,0.7912844036697247,0.8922018348623854
/people/person/languages,0.6938775510204082,0.8571428571428571,0.9897959183673469,1.0,1.0
/people/person/languages_inv,0.05102040816326531,0.09183673469387756,0.17346938775510204,0.32653061224489793,0.4387755102040816
/people/person/nationality,0.8218623481781376,0.9412955465587044,0.9736842105263158,0.9898785425101214,0.9959514170040485
/people/person/nationality_inv,0.16396761133603238,0.23076923076923078,0.4352226720647773,0.6902834008097166,0.7834008097165992
/people/person/place_of_birth,0.2,0.3235294117647059,0.45294117647058824,0.6882352941176471,0.7647058823529411
/people/person/place_of_birth_inv,0.058823529411764705,0.12352941176470589,0.18235294117647058,0.3764705882352941,0.47058823529411764
/people/person/places_lived./people/place_lived/location,0.18688524590163935,0.3180327868852459,0.4885245901639344,0.639344262295082,0.7442622950819672
/people/person/places_lived./people/place_lived/location_inv,0.013114754098360656,0.06885245901639345,0.12131147540983607,0.25573770491803277,0.3344262295081967
/people/person/profession,0.5369946605644547,0.7581998474446987,0.9191456903127384,0.9900839054157132,0.9992372234935164
/people/person/profession_inv,0.057208237986270026,0.14263920671243327,0.2761250953470633,0.47063310450038137,0.5682684973302822
/people/person/religion,0.47244094488188976,0.7007874015748031,0.889763779527559,1.0,1.0
/people/person/religion_inv,0.015748031496062992,0.031496062992125984,0.07874015748031496,0.25196850393700787,0.3464566929133858
/people/person/sibling_s./people/sibling_relationship/sibling,0.5714285714285714,0.5714285714285714,0.7142857142857143,0.7142857142857143,0.7142857142857143
/people/person/sibling_s./people/sibling_relationship/sibling_inv,0.5714285714285714,0.5714285714285714,0.7142857142857143,0.8571428571428571,1.0
/people/person/spouse_s./people/marriage/location_of_ceremony,0.2857142857142857,0.37142857142857144,0.45714285714285713,0.6571428571428571,0.7142857142857143
/people/person/spouse_s./people/marriage/location_of_ceremony_inv,0.14285714285714285,0.2,0.2,0.34285714285714286,0.34285714285714286
/people/person/spouse_s./people/marriage/spouse,0.0,0.0,0.0,0.25,0.5
/people/person/spouse_s./people/marriage/spouse_inv,0.0,0.0,0.0,0.25,0.75
/people/person/spouse_s./people/marriage/type_of_union,0.9421965317919075,1.0,1.0,1.0,1.0
/people/person/spouse_s./people/marriage/type_of_union_inv,0.02601156069364162,0.031791907514450865,0.05491329479768786,0.15895953757225434,0.2658959537572254
/people/profession/specialization_of,0.15384615384615385,0.46153846153846156,0.6923076923076923,1.0,1.0
/people/profession/specialization_of_inv,0.0,0.15384615384615385,0.23076923076923078,0.3076923076923077,0.6153846153846154
/soccer/football_player/current_team./sports/sports_team_roster/team,0.0,0.1111111111111111,0.1111111111111111,0.4444444444444444,0.5555555555555556
/soccer/football_player/current_team./sports/sports_team_roster/team_inv,0.0,0.1111111111111111,0.1111111111111111,1.0,1.0
/soccer/football_team/current_roster./soccer/football_roster_position/position,1.0,1.0,1.0,1.0,1.0
/soccer/football_team/current_roster./soccer/football_roster_position/position_inv,0.3,0.4,0.6,0.8,1.0
/soccer/football_team/current_roster./sports/sports_team_roster/position,1.0,1.0,1.0,1.0,1.0
/soccer/football_team/current_roster./sports/sports_team_roster/position_inv,0.16666666666666666,0.5833333333333334,0.75,1.0,1.0
/sports/pro_athlete/teams./sports/sports_team_roster/team,0.0,0.125,0.25,0.75,0.875
/sports/pro_athlete/teams./sports/sports_team_roster/team_inv,0.125,0.5,0.625,0.9375,1.0
/sports/professional_sports_team/draft_picks./sports/sports_league_draft_pick/draft,0.6046511627906976,0.9534883720930233,1.0,1.0,1.0
/sports/professional_sports_team/draft_picks./sports/sports_league_draft_pick/draft_inv,0.2558139534883721,0.5116279069767442,1.0,1.0,1.0
/sports/professional_sports_team/draft_picks./sports/sports_league_draft_pick/school,0.011627906976744186,0.05813953488372093,0.2441860465116279,0.7209302325581395,0.8604651162790697
/sports/professional_sports_team/draft_picks./sports/sports_league_draft_pick/school_inv,0.20930232558139536,0.2558139534883721,0.4069767441860465,0.8604651162790697,1.0
/sports/sport/pro_athletes./sports/pro_sports_played/athlete,0.6470588235294118,0.6470588235294118,0.6470588235294118,0.7058823529411765,0.7647058823529411
/sports/sport/pro_athletes./sports/pro_sports_played/athlete_inv,0.8235294117647058,0.9411764705882353,0.9411764705882353,0.9411764705882353,0.9411764705882353
/sports/sports_league/teams./sports/sports_league_participation/team,0.3125,0.4375,0.5625,0.875,0.9375
/sports/sports_league/teams./sports/sports_league_participation/team_inv,0.625,0.9375,1.0,1.0,1.0
/sports/sports_league_draft/picks./sports/sports_league_draft_pick/school,0.023809523809523808,0.16666666666666666,0.3333333333333333,0.8571428571428571,0.9761904761904762
/sports/sports_league_draft/picks./sports/sports_league_draft_pick/school_inv,0.11904761904761904,0.5238095238095238,0.8809523809523809,1.0,1.0
/sports/sports_position/players./sports/sports_team_roster/team,0.22727272727272727,0.5454545454545454,0.7272727272727273,0.9090909090909091,0.9545454545454546
/sports/sports_position/players./sports/sports_team_roster/team_inv,0.5909090909090909,0.8181818181818182,1.0,1.0,1.0
/sports/sports_team/colors,0.33766233766233766,0.7532467532467533,0.961038961038961,1.0,1.0
/sports/sports_team/colors_inv,0.0,0.012987012987012988,0.05194805194805195,0.33766233766233766,0.6363636363636364
/sports/sports_team/roster./american_football/football_historical_roster_position/position_s,0.0,0.0,1.0,1.0,1.0
/sports/sports_team/roster./american_football/football_historical_roster_position/position_s_inv,0.0,0.0,0.0,1.0,1.0
/sports/sports_team/roster./american_football/football_roster_position/position,0.6666666666666666,0.6666666666666666,1.0,1.0,1.0
/sports/sports_team/roster./american_football/football_roster_position/position_inv,0.3333333333333333,0.3333333333333333,0.6666666666666666,1.0,1.0
/sports/sports_team/roster./baseball/baseball_roster_position/position,1.0,1.0,1.0,1.0,1.0
/sports/sports_team/roster./baseball/baseball_roster_position/position_inv,1.0,1.0,1.0,1.0,1.0
/sports/sports_team/roster./basketball/basketball_roster_position/position,1.0,1.0,1.0,1.0,1.0
/sports/sports_team/roster./basketball/basketball_roster_position/position_inv,0.0,0.5,0.5,1.0,1.0
/sports/sports_team/sport,0.9811320754716981,0.9811320754716981,0.9811320754716981,0.9811320754716981,1.0
/sports/sports_team/sport_inv,0.660377358490566,0.660377358490566,0.8867924528301887,0.9245283018867925,0.9433962264150944
/sports/sports_team_location/teams,0.07547169811320754,0.16981132075471697,0.3584905660377358,0.6792452830188679,0.7735849056603774
/sports/sports_team_location/teams_inv,0.018867924528301886,0.07547169811320754,0.16981132075471697,0.49056603773584906,0.660377358490566
/time/event/instance_of_recurring_event,0.8181818181818182,0.8181818181818182,0.8181818181818182,0.8181818181818182,0.8181818181818182
/time/event/instance_of_recurring_event_inv,0.8181818181818182,0.8181818181818182,0.8181818181818182,0.8181818181818182,0.8181818181818182
/time/event/locations,0.17647058823529413,0.29411764705882354,0.5,0.7647058823529411,0.9117647058823529
/time/event/locations_inv,0.08823529411764706,0.29411764705882354,0.5882352941176471,0.9705882352941176,0.9705882352941176
/travel/travel_destination/climate./travel/travel_destination_monthly_climate/month,1.0,1.0,1.0,1.0,1.0
/travel/travel_destination/climate./travel/travel_destination_monthly_climate/month_inv,0.95,1.0,1.0,1.0,1.0
/travel/travel_destination/how_to_get_here./travel/transportation/mode_of_transportation,1.0,1.0,1.0,1.0,1.0
/travel/travel_destination/how_to_get_here./travel/transportation/mode_of_transportation_inv,0.15,0.85,1.0,1.0,1.0
/tv/non_character_role/tv_regular_personal_appearances./tv/tv_regular_personal_appearance/person,0.2857142857142857,0.2857142857142857,0.5714285714285714,0.5714285714285714,0.5714285714285714
/tv/non_character_role/tv_regular_personal_appearances./tv/tv_regular_personal_appearance/person_inv,0.7142857142857143,1.0,1.0,1.0,1.0
/tv/tv_network/programs./tv/tv_network_duration/program,0.11538461538461539,0.3076923076923077,0.34615384615384615,0.7307692307692307,0.9230769230769231
/tv/tv_network/programs./tv/tv_network_duration/program_inv,0.23076923076923078,0.46153846153846156,0.7307692307692307,0.9615384615384616,0.9615384615384616
/tv/tv_personality/tv_regular_appearances./tv/tv_regular_personal_appearance/program,0.7272727272727273,0.7272727272727273,0.8181818181818182,0.8181818181818182,0.9090909090909091
/tv/tv_personality/tv_regular_appearances./tv/tv_regular_personal_appearance/program_inv,0.09090909090909091,0.09090909090909091,0.36363636363636365,0.8181818181818182,0.9090909090909091
/tv/tv_producer/programs_produced./tv/tv_producer_term/producer_type,1.0,1.0,1.0,1.0,1.0
/tv/tv_producer/programs_produced./tv/tv_producer_term/producer_type_inv,0.0,0.045454545454545456,0.18181818181818182,0.45454545454545453,0.7272727272727273
/tv/tv_producer/programs_produced./tv/tv_producer_term/program,0.25,0.25,0.25,0.25,1.0
/tv/tv_producer/programs_produced./tv/tv_producer_term/program_inv,0.25,0.25,0.5,0.5,0.75
/tv/tv_program/country_of_origin,0.84375,1.0,1.0,1.0,1.0
/tv/tv_program/country_of_origin_inv,0.1875,0.40625,0.75,0.96875,1.0
/tv/tv_program/genre,0.4148936170212766,0.6595744680851063,0.8936170212765957,1.0,1.0
/tv/tv_program/genre_inv,0.30851063829787234,0.48936170212765956,0.6276595744680851,0.8617021276595744,0.9361702127659575
/tv/tv_program/languages,1.0,1.0,1.0,1.0,1.0
/tv/tv_program/languages_inv,0.75,0.9583333333333334,0.9583333333333334,1.0,1.0
/tv/tv_program/program_creator,0.0,0.0,0.0,0.0,0.0
/tv/tv_program/program_creator_inv,0.0,0.0,0.0,0.0,1.0
/tv/tv_program/regular_cast./tv/regular_tv_appearance/actor,0.0989010989010989,0.17582417582417584,0.25274725274725274,0.42857142857142855,0.4725274725274725
/tv/tv_program/regular_cast./tv/regular_tv_appearance/actor_inv,0.16483516483516483,0.26373626373626374,0.45054945054945056,0.7472527472527473,0.8681318681318682
/tv/tv_program/tv_producer./tv/tv_producer_term/producer_type,1.0,1.0,1.0,1.0,1.0
/tv/tv_program/tv_producer./tv/tv_producer_term/producer_type_inv,0.09090909090909091,0.09090909090909091,0.7272727272727273,0.8181818181818182,0.8181818181818182
/tv/tv_writer/tv_programs./tv/tv_program_writer_relationship/tv_program,0.3333333333333333,0.5555555555555556,0.6666666666666666,0.8888888888888888,1.0
/tv/tv_writer/tv_programs./tv/tv_program_writer_relationship/tv_program_inv,0.1111111111111111,0.2222222222222222,0.2222222222222222,0.5555555555555556,0.7777777777777778
/user/alexander/philosophy/philosopher/interests,0.3333333333333333,0.4444444444444444,1.0,1.0,1.0
/user/alexander/philosophy/philosopher/interests_inv,0.1111111111111111,0.1111111111111111,0.2222222222222222,1.0,1.0
/user/jg/default_domain/olympic_games/sports,0.8181818181818182,1.0,1.0,1.0,1.0
/user/jg/default_domain/olympic_games/sports_inv,0.8181818181818182,1.0,1.0,1.0,1.0
/user/ktrueman/default_domain/international_organization/member_states,0.041666666666666664,0.375,0.6666666666666666,1.0,1.0
/user/ktrueman/default_domain/international_organization/member_states_inv,1.0,1.0,1.0,1.0,1.0
/user/tsegaran/random/taxonomy_subject/entry./user/tsegaran/random/taxonomy_entry/taxonomy,1.0,1.0,1.0,1.0,1.0
/user/tsegaran/random/taxonomy_subject/entry./user/tsegaran/random/taxonomy_entry/taxonomy_inv,0.08,0.08,0.18,0.36,0.56
